Domain,Sub-domain,Paragraph,Context,Sentence,Rating,Transliteration,llm_gene_CEFR1,llm_gene_CEFR2,llm_gene_CEFR3,STS_CEFR1,STS_CEFR2,STS_CEFR3,pred_1,pred_2,pred_3,P_CEFR1,P_CEFR2,P_CEFR3,R_CEFR1,R_CEFR2,R_CEFR3,CP_CEFR1,CP_CEFR2,CP_CEFR3,COLA_CEFR1,COLA_CEFR2,COLA_CEFR3
Wikipedia,Social Sciences,"Главный принцип МФА — предоставить отдельный символ для каждого различимого звука (или сегмента речи). То есть он не использует комбинации букв для отображения одного звука или одну букву для отображения нескольких звуков (как «x» для [ks] или [gz] в английском). В нём нет букв, звуковые значения которых зависят от контекста (как «c» в английском и других европейских языках). И наконец, в МФА обычно не встречаются различные буквы для двух звуков, если ни один из известных языков не делает между ними различия (это свойство известно как «селективность»).",Главный принцип МФА — предоставить отдельный символ для каждого различимого звука (или сегмента речи).,То есть он не использует комбинации букв для отображения одного звука или одну букву для отображения нескольких звуков (как «x» для [ks] или [gz] в английском).,4,True,Он использует одну букву для одного звука.,Он пишет слова правильно.,Он не использует комбинацию букв для одного звука или одну букву для нескольких звуков.,0.7311728596687317,0.2892930507659912,0.8838110566139221,1,1,2,0.96220934,0.9251065,0.9751954,0.875984,0.8389139,0.9073839,0.0,0.0,0.0,1,1,1
Wikipedia,Social Sciences,"Одно из преимуществ использования альтернатив МФА — это возможность использовать единый символ для звука, произносящегося по-разному в различных диалектах. Например, American Heritage Dictionary использует ŏ для гласной в слове cot (kŏt), но ô для гласной в caught (kôt). Некоторые американцы произносят гласные ŏ и ô одинаково (например, как [ɒ] в бостонском диалекте; для тех носителей языка, которые сохраняют это различие, гласная в слове cot, в зависимости от акцента, может варьироваться от [ɑ] до [a], а гласная в caught — от [ɔ] до [ɑ], или даже является дифтонгом. Использование одного символа для гласной в cot (вместо разных символов для разного произношения o) позволяет представить в словаре многообразное произношение для носителей большинства диалектов английского.",,"Одно из преимуществ использования альтернатив МФА — это возможность использовать единый символ для звука, произносящегося по-разному в различных диалектах.",4,False,Одна из плюсов альтернатив МФА — возможность использовать один и тот же символ для разных звуков.,"Одним из плюсов альтернатив МФА является то, что они используют один символ для звуков, которые произносятся по-разному.","Одним из плюсов использования альтернатив МФА является возможность использовать одинаковый символ для звука, который произносится по-разному в разных диалектах.",0.893259584903717,0.9528555870056152,0.9598349332809448,2,3,3,0.9695498,0.9571159,0.97830033,0.9227518,0.9395329,0.9756336,0.0,0.0,0.0,1,1,0
Wikipedia,Social Sciences,"Ни фонетическая, ни фонематическая транскрипция с использованием МФА не обеспечивают абсолютно точного описания фонетики; скорее они дают относительное описание. Это особенно верно по отношению к гласным: не существует строгого соответствия между символами МФА и диапазонами формантных частот для данного звука. Фактически, один набор формантных частот может соответствовать двум разным символам МФА в зависимости от фонологии рассматриваемого языка. Примечание: ссылка на форманты здесь не очень корректна, так как некоторые звуки речи — например, русские «ч» и «щ» — обладают идентичными спектрами (формантным набором), отличаясь лишь характером атаки.","Ни фонетическая, ни фонематическая транскрипция с использованием МФА не обеспечивают абсолютно точного описания фонетики; скорее они дают относительное описание. Это особенно верно по отношению к гласным: не существует строгого соответствия между символами МФА и диапазонами формантных частот для данного звука. Фактически, один набор формантных частот может соответствовать двум разным символам МФА в зависимости от фонологии рассматриваемого языка.","Примечание: ссылка на форманты здесь не очень корректна, так как некоторые звуки речи — например, русские «ч» и «щ» — обладают идентичными спектрами (формантным набором), отличаясь лишь характером атаки.",4,False,"Некоторые звуки очень похожи друг на друга. Например, «ч» и «щ» говорят одинаково, но произносятся по-разному.","Некоторые звуки могут быть похожими, хотя и различными.","Примечание: когда говорят «ч» и «щ», они часто воспринимаются одинаково.",0.7259339690208435,0.5833903551101685,0.6225907206535339,1,1,2,0.9270842,0.9381087,0.9260322,0.87340635,0.84564626,0.866873,0.0,0.0,0.0,1,1,1
Wikipedia,Arts and Culture,"В апреле 2010 года Autodesk и Open Design Alliance уладили свои иски. В соответствии с соглашением, Open Design Alliance согласился отозвать регистрации товарных знаков, связанные с DWG, и прекращает использовать DWG и связанные товарные знаки в рекламе и при позиционировании своих продуктов. По этим случаям не было судебного решения, и соглашения между сторонами не являются обязательными к исполнению для USPTO. В марте 2010 года подразделение Deputy Commissioner for Trademark Examination Policy при USPTO постановило, что показания, предоставленные двумя годами ранее консорциумом Open Design Alliance, были существенными и подкреплены разумными доводами для регистрации DWG в качестве товарного знака.",В апреле 2010 года Autodesk и Open Design Alliance уладили свои иски.,"В соответствии с соглашением, Open Design Alliance согласился отозвать регистрации товарных знаков, связанные с DWG, и прекращает использовать DWG и связанные товарные знаки в рекламе и при позиционировании своих продуктов.",4,True,Open Design Alliance перестала использовать товарный знак DWG и перестала рекламировать свои продукты под этим названием.,Open Design Alliance согласилась не использовать свои товарные знаки и перестала рекламировать их.,"По соглашению, Open Design Alliance перестал использовать товарные знаки DWG в рекламе и позиционировании своих продуктов.",0.8668168187141418,0.7505088448524475,0.9368137717247008,2,2,3,0.9388227,0.9448899,0.95929897,0.90428126,0.8947334,0.93135655,0.0,0.0,0.0,1,0,0
Wikipedia,Geography,"Поскольку на картах отображается информация, относящаяся к самым различным наукам, выделяют также такие разделы картографии, как историческая картография, геологическая картография, экономическая картография, почвоведческая картография и другие. Эти разделы относятся к картографии лишь как к методу, по содержанию они относятся к соответствующим наукам.",,"Поскольку на картах отображается информация, относящаяся к самым различным наукам, выделяют также такие разделы картографии, как историческая картография, геологическая картография, экономическая картография, почвоведческая картография и другие.",4,False,"Карты могут показывать историю, геологию, экономику или свойства почвы.","Карта может показывать разные виды информации. Например, она может показывать историю, геологию, экономику или почву.","На картах отображается информация из разных областей знаний, поэтому они делятся на несколько разделов: историческая, геологическая, экономическая и почвоведческая картография и т.п.",0.8355125188827515,0.893096923828125,0.9255946278572084,3,3,4,0.92451,0.92590076,0.94702816,0.872046,0.88510406,0.93361956,0.0,0.0,0.0,1,1,1
Wikipedia,Technology,"Соответственно в языках, основанных на понятии «класс», все объекты разделены на два основных типа — классы и экземпляры. Класс определяет структуру и функциональность (поведение), одинаковую для всех экземпляров данного класса. Экземпляр является носителем данных — то есть обладает состоянием, меняющимся в соответствии с поведением, заданным классом.","Соответственно в языках, основанных на понятии «класс», все объекты разделены на два основных типа — классы и экземпляры. Класс определяет структуру и функциональность (поведение), одинаковую для всех экземпляров данного класса.","Экземпляр является носителем данных — то есть обладает состоянием, меняющимся в соответствии с поведением, заданным классом.",4,False,Этот экземпляр содержит изменяемую информацию.,Этот экземпляр может измениться в зависимости от обстоятельств.,"Экземпляр содержит данные — то есть имеет свойства, которые меняются в зависимости от заданного поведения. Please simplify the following sentence for 3 CEFR level language learners:",0.2993462979793548,0.3554094731807709,0.5730547308921814,3,2,4,0.9131095,0.918918,0.89599586,0.8607318,0.86847794,0.94275975,0.0,0.0,0.0,1,1,1
Wikipedia,Natural Sciences,"Ко второй половине XX века относится и возникновение экологии человека и в целом социальной экологии — областей экологии, изучающих взаимодействие человека и общества с окружающей средой и вопросы её защиты. Возникли экологизация многих естественных наук и связь с социологией.",,"Ко второй половине XX века относится и возникновение экологии человека и в целом социальной экологии — областей экологии, изучающих взаимодействие человека и общества с окружающей средой и вопросы её защиты.",4,False,"В XX веке появились две новые области экологии: экология человека и социальная экология. Они исследуют, как люди влияют на окружающую среду и как ее защитить.","В середине XX века появились две новые области экологии: экология человека и социальная экология. Они изучают, как люди и общества влияют на окружающую среду.","Во второй половине XX века появилась экология человека и социальная экология — области экологии, которые изучают, как люди и общество влияют на окружающую среду и как защитить ее.",0.9364811778068542,0.9330679774284364,0.9774911999702454,3,3,3,0.93384445,0.93674594,0.94914865,0.9179945,0.9114429,0.9362649,0.0,0.0,0.0,0,0,0
Wikipedia,Natural Sciences,"Ускоритель расположен в том же туннеле, который прежде занимал Большой электрон-позитронный коллайдер. Туннель с длиной окружности 26,7 км проложен под землёй на территории Франции и Швейцарии. Подземное расположение продиктовано снижением стоимости строительства, минимизацией влияния на эксперименты элементов ландшафта, а также улучшением радиационной защиты. Глубина залегания туннеля — от 50 до 175 метров, причём кольцо туннеля наклонено примерно на 1,4 % относительно поверхности земли, что сделано в основном также из экономических соображений.","Ускоритель расположен в том же туннеле, который прежде занимал Большой электрон-позитронный коллайдер. Туннель с длиной окружности 26,7 км проложен под землёй на территории Франции и Швейцарии. Подземное расположение продиктовано снижением стоимости строительства, минимизацией влияния на эксперименты элементов ландшафта, а также улучшением радиационной защиты.","Глубина залегания туннеля — от 50 до 175 метров, причём кольцо туннеля наклонено примерно на 1,4 % относительно поверхности земли, что сделано в основном также из экономических соображений.",4,False,"Туннель построен глубоко под землей, примерно на 50-175 метров, и слегка наклоняется.",Туннель находится глубоко под землей и наклонен немного вниз. Это было сделано для экономии средств.,"Туннель находится на глубине от 50 до 175 метров. Его наклон составляет примерно 1,4 %. Это было сделано для экономии средств.",0.6652783751487732,0.4484824538230896,0.7226842045783997,2,2,3,0.92663664,0.918138,0.9431127,0.88544834,0.88935727,0.91326666,0.0,0.0,0.0,1,1,1
Wikipedia,History,"Древнеегипетская культура и цивилизация заложили основу для последующего культурного развития многих народов. Своеобразные архитектурные формы — величественные пирамиды, храмы, дворцы и обелиски, вдохновляли воображение путешественников и исследователей в течение многих столетий. Египетскими мастерами создавались прекрасные настенные росписи и статуи, были освоены способы производства стекла и фаянса, поэтами и писателями созданы новые формы в литературе.","Древнеегипетская культура и цивилизация заложили основу для последующего культурного развития многих народов. Своеобразные архитектурные формы — величественные пирамиды, храмы, дворцы и обелиски, вдохновляли воображение путешественников и исследователей в течение многих столетий.","Египетскими мастерами создавались прекрасные настенные росписи и статуи, были освоены способы производства стекла и фаянса, поэтами и писателями созданы новые формы в литературе.",4,False,"Египетские художники создавали красочные картины. Они делали стекло, керамику и писали книги.","Египетские художники делали красивые рисунки на стенах и скульптуры. Они узнали, как делать стекло и глиняные предметы. Писатели создали новые виды книг.","Египетские художники создавали красивые картины и скульптуры, научились делать стекло и фаянс, а писатели создали новые виды литературы.",0.9038043022155762,0.942076563835144,0.9607223868370056,1,2,2,0.93746656,0.9394229,0.9514743,0.9142488,0.9383412,0.9467592,0.0,0.0,0.0,0,0,0
Wikipedia,History,"На практике, принятая США доктрина использования бронетранспортёров, рассматривавшая их лишь как средство доставки пехоты на поле боя, где они должны были вести бой спешившись, для Вьетнама оказалась непригодна. Спешившаяся пехота резко утрачивала подвижность и защищённость бронетранспортёра и не могла адекватно среагировать на боевую обстановку, поэтому стандартной тактикой стало ведение боя не спешиваясь, когда командир бронетранспортёра занимался поражением удалённых или танкоопасных целей из своего 12,7-мм пулемёта, в то время как пехотинцы вели огонь из личного оружия, стоя в открытом грузовом люке. Это, в свою очередь, потребовало и внесения изменения в конструкцию бронетранспортёра, прежде всего требовалось броневое прикрытие для командира при стрельбе из пулемёта, а также общее повышение огневой мощи бронетранспортёра.",,"На практике, принятая США доктрина использования бронетранспортёров, рассматривавшая их лишь как средство доставки пехоты на поле боя, где они должны были вести бой спешившись, для Вьетнама оказалась непригодна.",4,False,США использовали бронетранспортёры только для перевозки солдат. Но для войны в Вьетнаме это было не лучшим решением.,В США бронетранспортёры использовали только для перевозки солдат на поле боя. Но это было не очень хорошо для войны во Вьетнаме.,В США использовали бронетранспортеры только для перевозки пехоты на поле боя. Но это не подходило для Вьетнама.,0.8753505945205688,0.8637906908988953,0.8861775398254395,2,2,2,0.9290948,0.9321259,0.9428822,0.89481974,0.89786184,0.9063447,0.0,0.0,0.0,1,1,1
Research and Innovation,Medical,В качестве группы сравнения использовали интактных морских свинок с аналогичным режимом содержания и отбора крови.,,В качестве группы сравнения использовали интактных морских свинок с аналогичным режимом содержания и отбора крови.,4,False,"Для сравнения выбрали здоровых свинок, которым давали еду как другим животным.",Были выбраны здоровые свиньи с одинаковым уходом и графиком забора крови.,Для сравнения взяли здоровых морских свинок с тем же режимом содержания и отбора крови.,0.7198827862739563,0.7846800088882446,0.9103379249572754,1,2,3,0.9205939,0.92588216,0.9585844,0.9071265,0.9022496,0.9422256,0.0,0.0,0.0,0,1,1
Research and Innovation,Economics,Поэтому демографы составляют многовариантный прогноз.,,Поэтому демографы составляют многовариантный прогноз.,4,False,Исследователи высказали несколько предположений о будущем.,Демографы делают несколько вариантов будущего населения.,Поэтому демографы составляют несколько разных прогнозов.,0.5157946944236755,0.7296310663223267,0.9005832672119141,3,2,3,0.9336446,0.9329891,0.97154367,0.9244447,0.934057,0.96817064,0.0,0.0,0.0,1,0,1
Research and Innovation,Economics,"Среди последних особый интерес вызывает технология разработки систем распределенных реестров (технология блокчейна), используемая за рубежом при эмиссии криптовалют и разработке прочих цифровых проектов [3].",,"Среди последних особый интерес вызывает технология разработки систем распределенных реестров (технология блокчейна), используемая за рубежом при эмиссии криптовалют и разработке прочих цифровых проектов [3].",4,False,За рубежом используют блокчейн для создания новых денег и других цифровых проектов.,За рубежом используют технологию блокчейна для создания новых денег и других цифровых проектов.,За рубежом часто используют технологию блокчейна для создания цифровых проектов и эмиссии криптовалют.,0.7943152785301208,0.8249093890190125,0.8649047613143921,2,3,3,0.9455801,0.94340944,0.9613695,0.8815408,0.8938288,0.9034447,0.0,0.0,0.0,1,1,1
Research and Innovation,Politics,"В это же время прошли мощные акции социального протеста, направляемые отраслевыми и региональными профсоюзами.",,"В это же время прошли мощные акции социального протеста, направляемые отраслевыми и региональными профсоюзами.",4,False,"Народ вышел на улицы, чтобы выразить свой протест.",Профсоюзы организовали большие демонстрации против законопроекта.,В это время прошли большие демонстрации рабочих и профсоюзов против социальных изменений.,0.5729993581771851,0.7429578304290771,0.8808095455169678,1,2,3,0.91387916,0.9293988,0.94238234,0.87538624,0.8835243,0.9107526,0.0,0.0,0.0,1,1,1
Research and Innovation,Politics,"В это время рейнские радикальные буржуа, имевшие точки соприкосновения с левыми гегельянцами, основали в Кельне оппозиционную газету: ""Рейнскую Газету "" (начала выходить с 1 января 1842 г.). Маркс и Бруно Бауэр были приглашены в качестве главных сотрудников, а в октябре 1842 г. Маркс сделался главным редактором и переселился из Бонна в Кельн.",,"В это время рейнские радикальные буржуа, имевшие точки соприкосновения с левыми гегельянцами, основали в Кельне оппозиционную газету: ""Рейнскую Газету "" (начала выходить с 1 января 1842 г.). Маркс и Бруно Бауэр были приглашены в качестве главных сотрудников, а в октябре 1842 г. Маркс сделался главным редактором и переселился из Бонна в Кельн.",4,False,"В Рейне появилась газета, в которой люди критиковали существующий порядок. Маркс стал ее главным редактором и переехал в Кельн.","В Кельне появилась газета ""Рейнская Газета"". Маркс помог создать ее и стал ее главным редактором.","В то время некоторые радикальные буржуа из Рейна создали газету ""Рейнская газета"". В газете работали Маркс и Бруно Бауэр. Маркс стал главным редактором и переехал в Кельн в октябре 1842 года.",0.780112624168396,0.7514528036117554,0.9103339910507202,1,1,2,0.9198997,0.91722566,0.9455087,0.8595505,0.8511069,0.90467095,0.0,0.0,0.0,1,1,1
Research and Innovation,Law,"В условиях инквизиционного розыскного процесса, тайного и письменного судопроизводства, система господства формальных доказательств целиком отдавала подсудимого на произвол судейских чиновников.",,"В условиях инквизиционного розыскного процесса, тайного и письменного судопроизводства, система господства формальных доказательств целиком отдавала подсудимого на произвол судейских чиновников.",4,False,Суды тогда были строги и часто осуждали людей без доказательств.,"Когда судьи могли решать дела в секрете, подсудимые находились в руках судей.","В период инквизиции, когда следствие было тайным и все происходило в письмах, подсудимые были полностью зависимы от судей.",0.6781859993934631,0.7276750802993774,0.8809479475021362,2,2,3,0.9103145,0.9207146,0.9180983,0.8586796,0.87229526,0.90301704,0.0,0.0,0.0,1,1,1
Research and Innovation,Science and Engineering,"Выведены бесконечные системы уравнений, описывающие эти конфигурации.",,"Выведены бесконечные системы уравнений, описывающие эти конфигурации.",4,False,Найдены уравнения для этих конфигураций.,"Получились уравнения, которые показывают эти конфигурации.","Получены бесконечные системы уравнений, которые описывают эти конфигурации.",0.6615845561027527,0.6554837226867676,0.9916424751281738,3,4,4,0.949983,0.952659,0.97805524,0.91333336,0.9336782,0.977661,0.0,0.0,0.0,1,1,1
Research and Innovation,Science and Engineering,При этом необходим компромисс между временем последовательного обмена внутри каждой пары РС и длительностью T 0 пребывания сегмента на отдельной РС.,,При этом необходим компромисс между временем последовательного обмена внутри каждой пары РС и длительностью T 0 пребывания сегмента на отдельной РС.,4,False,"Нам нужно найти баланс между временем, которое мы тратим на общение, и временем, которое она проводит одна.","Нам нужно найти правильное время, чтобы обмениваться данными между двумя системами и не слишком долго останавливаться на одной из них.",Нам нужно найти баланс между временем обмена внутри каждой пары РС и продолжительностью пребывания сегмента на отдельной РС.,0.4051846265792846,0.563380777835846,0.8579196929931641,2,3,4,0.904224,0.90629005,0.9638221,0.86976933,0.87810326,0.9416064,0.0,0.0,0.0,0,0,1
Research and Innovation,Science and Engineering,"Мы отдаем предпочтение ЛВС и не исключаем другие применения, так как линии передачи данных, используемые в этих сетях, обладают наибольшим темпом развития, совершенствования, ростом пропускной способности.",,"Мы отдаем предпочтение ЛВС и не исключаем другие применения, так как линии передачи данных, используемые в этих сетях, обладают наибольшим темпом развития, совершенствования, ростом пропускной способности.",4,False,"Мы любим ЛВС. Мы рассматриваем и другие варианты, которые быстро растут и улучшаются.","Мы отдаем предпочтение ЛВС, но рассматриваем и другие варианты, поскольку передача данных быстро развивается.","Мы предпочитаем ЛВС, но не исключаем других вариантов использования, поскольку они быстро развиваются и улучшаются.",0.6276417970657349,0.802413284778595,0.763046145439148,1,3,3,0.9218776,0.9471488,0.94055605,0.88165486,0.902758,0.90720636,0.0,0.0,0.0,1,1,1
Research and Innovation,Science and Engineering,"Например, можно надеяться на то, что встречное движение информации в вычислительной сети способно сократить длину очереди к билетным кассам на поезда дальнего следования.",,"Например, можно надеяться на то, что встречное движение информации в вычислительной сети способно сократить длину очереди к билетным кассам на поезда дальнего следования.",4,False,Информация о поездах может вернуться в компьютерную сеть и уменьшить время ожидания в кассах.,"Для того, чтобы уменьшить очередь к кассам, информация о поездах может отправляться обратно в компьютерную сеть.","Например, вы можете надеяться, что информация, которая идет обратно по компьютерной сети, поможет сократить время ожидания в кассах при покупке билетов на поезда дальнего следования.",0.827299177646637,0.7770100235939026,0.9174372553825378,2,3,3,0.9406189,0.92813003,0.9495549,0.8941765,0.9036548,0.949333,0.0,0.0,0.0,1,1,1
Legal,Judicial Rulings,Отсутствие связи испрашиваемой обеспечительной меры с предметом заявленного требования является основанием для отказа в удовлетворении заявления о ее принятии.,,Отсутствие связи испрашиваемой обеспечительной меры с предметом заявленного требования является основанием для отказа в удовлетворении заявления о ее принятии.,4,False,"Если дело не связано с работой, то иск отклоняется.","Если обеспечительная мера не имеет отношения к делу, суд отклонит заявление.","Если обеспечительная мера не связана с требованием, то оно будет отклонено.",0.4907300770282745,0.6606976389884949,0.8067419528961182,2,3,3,0.91483593,0.9269606,0.92597175,0.87641895,0.90686893,0.9111793,0.0,0.0,0.0,1,1,1
Legal,Judicial Rulings,"Суд принимает обеспечительные меры при установлении хотя бы одного из оснований для их принятия (часть 1 статьи 139 ГПК РФ, часть 2 статьи 90 АПК РФ, часть 1 статьи 85 КАС РФ).",,"Суд принимает обеспечительные меры при установлении хотя бы одного из оснований для их принятия (часть 1 статьи 139 ГПК РФ, часть 2 статьи 90 АПК РФ, часть 1 статьи 85 КАС РФ).",4,False,"Суд принимает меры на основе судебного решения, решения суда или судебного процесса.","Суд может защитить права стороны, если есть хоть одно основание для этого.","Суд принимает меры, если есть хотя бы один из основных поводов.",0.5381683707237244,0.5638158321380615,0.6838950514793396,3,2,3,0.90345263,0.9115646,0.9425397,0.8124374,0.82825494,0.82802737,0.0,0.0,0.0,1,1,1
Legal,UN Parliament,"На основе таких данных формируется дополнительная геодезическая и климатологическая информация, что обеспечивает наличие некоторых имеющих важное значение показателей изменений климата, таких, как аномалии в топографии океана (например, явления Эль-Ниньо и Ла-Нинья) или в таянии льдов (например, антарктические шапки).",,"На основе таких данных формируется дополнительная геодезическая и климатологическая информация, что обеспечивает наличие некоторых имеющих важное значение показателей изменений климата, таких, как аномалии в топографии океана (например, явления Эль-Ниньо и Ла-Нинья) или в таянии льдов (например, антарктические шапки).",4,False,"Такие данные помогают нам создавать карты моря и климата и понимать, как меняется погода.",Данные помогают нам понять изменения климата и о Земле. Мы можем узнать о таянии льдов в Антарктике или о Эль-Ниньо.,"Такие данные позволяют создать дополнительную информацию о Земле и погоде. Эта информация важна для понимания изменения климата, например, того, как меняются температуры океанов и ледники.",0.836700439453125,0.8645520210266113,0.8822000622749329,2,3,4,0.9257107,0.91875446,0.92194283,0.85460615,0.88094467,0.8771234,0.0,0.0,0.0,0,0,0
Legal,UN Parliament,редоставление обществу полного набора космических данных для обеспечения их более рационального использования.,,редоставление обществу полного набора космических данных для обеспечения их более рационального использования.,4,False,Граждане России имеют право участвовать в управлении своей страной. The original sentence is:,"Чтобы использовать космические данные лучше, обществу нужно получить доступ к всей информации.",Общество должно иметь доступ ко всем космическим данным для использования их более эффективно.,0.1422990262508392,0.8483068346977234,0.8705136179924011,2,2,3,0.87295914,0.9183416,0.9487089,0.8664808,0.8971468,0.9056218,0.0,0.0,0.0,1,1,1
Legal,UN Parliament,Образовательный уровень женщин свидетельствует о противоречивой картине сосуществования высокого университетского образования и неграмотности.,,Образовательный уровень женщин свидетельствует о противоречивой картине сосуществования высокого университетского образования и неграмотности.,4,False,"Уровень образования женщин показывает, что есть люди с высшим образованием и люди, которые не могут даже читать и писать.",У женщин разное образование – от высшего до отсутствия образования.,"Уровень образования женщин говорит о том, что есть женщины, получившие высшее образование, а есть и не грамотные.",0.8271670937538147,0.8654841780662537,0.8830808997154236,2,1,2,0.9073559,0.9316033,0.9110679,0.9156462,0.89399534,0.9201635,0.0,0.0,0.0,1,1,0
Policies,Olympic Rules,Они являются минимальными стандартами и Совет директоров Аккредитованной Программы имеет право устанавливать дополнительные критерии.,,Они являются минимальными стандартами и Совет директоров Аккредитованной Программы имеет право устанавливать дополнительные критерии.,4,False,Эти условия обязательны. Директор может еще добавить свои условия.,Эти стандарты минимальны. Программа может установить еще какие-то правила.,"Это минимальные стандарты, и Совет директоров может установить дополнительные критерии.",0.6246422529220581,0.7899810075759888,0.9329596757888794,2,2,3,0.8894254,0.92873895,0.97082824,0.8758644,0.9004871,0.92895174,0.0,0.0,0.0,1,1,1
Policies,Contracts,"Арендодатель подтверждает, что он получил согласие всех совершеннолетних лиц, зарегистрированных по данному адресу, или владеющих совместно с ним данной жилплощадью, на сдачу данной квартиры в аренду.",,"Арендодатель подтверждает, что он получил согласие всех совершеннолетних лиц, зарегистрированных по данному адресу, или владеющих совместно с ним данной жилплощадью, на сдачу данной квартиры в аренду.",4,False,"Владелец квартиры получил разрешение всех взрослых, которые там живут, сдать ее в аренду.","Владелец говорит, что все взрослые люди, которые живут в этой квартире, согласны с арендой.","Арендодатель убежден, что все взрослые люди, которые живут в этом доме, согласны сдать эту квартиру в аренду.",0.886528730392456,0.7833547592163086,0.8306391835212708,1,2,3,0.92714566,0.9268695,0.9340338,0.901325,0.9036466,0.9184173,0.0,0.0,0.0,0,1,1
Books,Novels,"Сам Иван рассказывал потом, что всё произошло так-сказать ""от пылкости к добрым делам"" Ефима Петровича, увлекшегося идеей, что гениальных способностей мальчик должен и воспитываться у гениального воспитателя.",,"Сам Иван рассказывал потом, что всё произошло так-сказать ""от пылкости к добрым делам"" Ефима Петровича, увлекшегося идеей, что гениальных способностей мальчик должен и воспитываться у гениального воспитателя.",4,False,"Иван сказал, что Ефим Петрович любил помогать людям и хотел, чтобы талантливые мальчики получали хорошее образование.","Иван сказал, что Ефим Петрович хотел сделать его умнее всех.","Иван говорил, что это произошло потому, что Ефим Петрович был очень увлечен идеей того, что талантливых детей нужно воспитывать талантливыми учителями.",0.8056498169898987,0.8017002940177917,0.8675917387008667,2,1,3,0.90306383,0.8945736,0.92471844,0.8627365,0.8501166,0.88592875,0.0,0.0,0.0,1,1,1
Books,Novels,"На вопрос Настасьи Филипповны: “Чего именно от нее хотят?” Тоцкий с прежнею, совершенно обнаженною прямотой, признался ей, что он так напуган еще пять лет назад, что не может даже и теперь совсем успокоиться, до тех пор, пока Настасья Филипповна сама не выйдет за кого-нибудь замуж.",,"На вопрос Настасьи Филипповны: “Чего именно от нее хотят?” Тоцкий с прежнею, совершенно обнаженною прямотой, признался ей, что он так напуган еще пять лет назад, что не может даже и теперь совсем успокоиться, до тех пор, пока Настасья Филипповна сама не выйдет за кого-нибудь замуж.",4,False,"Настасья спросила: “Чего вы от нее хотите?” Отец сказал, что он очень беспокоится, пока она не выйдет замуж.","Настасья ответила: “Я так испугалась, что я не могу быть спокойной, пока вы не женитесь на другой девушке.”","Настасья Филипповна спросила: “Чего вы от нее хотите?”.Отец признался, что он так напуган, что все еще боится, пока она не выйдет замуж.",0.6813598871231079,0.6686038970947266,0.7576636075973511,1,1,1,0.9289352,0.8916233,0.9394749,0.85673296,0.8408407,0.88578606,0.0,0.0,0.0,1,1,1
Speech,Public Speech,Парламент был формой общественного народного парламентского контроля за экономическими процессами и поэтому как ненужный и вредный элемент эта политическая группировка возглавлявшаяся Ельциным убрала парламент.,,Парламент был формой общественного народного парламентского контроля за экономическими процессами и поэтому как ненужный и вредный элемент эта политическая группировка возглавлявшаяся Ельциным убрала парламент.,4,False,"Ельцин решил, что парламент не нужно, поэтому он отменил его контроль.","Ельцин и его команда решили, что парламент не нужен, и его отменили.","Парламент контролировал экономику, но его считали ненужным и вредным, поэтому Ельцин убрал его.",0.6039220690727234,0.6064665913581848,0.685481071472168,1,1,2,0.91193104,0.92207575,0.9393305,0.8593749,0.86415744,0.8902893,0.0,0.0,0.0,1,1,1
Letters,Letters,"1000 или 1200 рублей были бы достаточны для того, чтобы он мог без ужаса думать о будущем и спокойно трудиться до конца дней своих.Уверенный в Вашем добром ко мне расположении, прошу Ваше высокопревосходительство о милостивом внимании к двум чиновникам, которые теперь имеют честь служить под Вашим начальством в Департаменте Духовных дел: к Борису Михайловичу Федорову3 и Константину Степановичу Сербиновичу.",,"1000 или 1200 рублей были бы достаточны для того, чтобы он мог без ужаса думать о будущем и спокойно трудиться до конца дней своих.Уверенный в Вашем добром ко мне расположении, прошу Ваше высокопревосходительство о милостивом внимании к двум чиновникам, которые теперь имеют честь служить под Вашим начальством в Департаменте Духовных дел: к Борису Михайловичу Федорову3 и Константину Степановичу Сербиновичу.",4,False,"Он хочет иметь много денег, чтобы чувствовать себя хорошо и спокойно работать всю жизнь.Обратите внимание на двух сотрудников: Бориса и Константина.","1000-1200 рублей помогли бы ему чувствовать себя спокойно и работать до пенсии.Я благодарю Вас за то, что Вы взяли на работу двух моих коллег в Департамент Духовных дел. Они хорошо работают.","1000 или 1200 рублей позволили бы ему чувствовать себя увереннее в будущем и спокойно работать до старости.Я прошу Вас обратить внимание на двух чиновников, которые работают в Департаменте Духовных дел: Бориса Федорова и Константина Сербиновича.",0.654395341873169,0.7332385182380676,0.8948392271995544,1,3,3,0.9201443,0.9190141,0.938931,0.83168256,0.8511755,0.88127637,0.0,0.0,0.0,0,1,1
Community Websites,Reddit,"в настоящий момент шесть дел находятся в судах, два – в апелляционных судебных процессах, по десяти случаям опротестовывается заведение уголовных дел.",,"в настоящий момент шесть дел находятся в судах, два – в апелляционных судебных процессах, по десяти случаям опротестовывается заведение уголовных дел.",4,False,"Шесть дел находятся в суде, два – в апелляции и десять людей оспаривают обвинения.","Сейчас шесть дел находятся в суде, два – в апелляции, а десять еще не расследованы.","В настоящее время шесть дел рассматриваются в судах, а два — в апелляционных судах. По десять дел вопрос о возбуждении уголовного дела находится на рассмотрении.",0.9063852429389954,0.8862809538841248,0.958843231201172,2,2,3,0.9441543,0.95125926,0.94482243,0.9035853,0.90616643,0.9242666,0.0,0.0,0.0,0,1,0
Finance,Finance,Прежде всего нужно подтянуть низовые слои общества хотя бы до мало-мальски приемлемых уровней...,,Прежде всего нужно подтянуть низовые слои общества хотя бы до мало-мальски приемлемых уровней...,4,False,Сначала нужно помочь бедным.,Сначала нужно улучшать жизнь людей из бедных семей.,"Сначала нужно улучшить жизнь простых людей, доведя ее до приемлемого уровня...",0.4768894016742706,0.5810374617576599,0.7269022464752197,1,1,2,0.9031609,0.9178411,0.9348955,0.83536696,0.86287427,0.90495753,0.0,0.0,0.0,1,1,0
Finance,Finance,"Если государство не занимается и не способствует развитию личности, а бизнес спихивает с себя всю ответственность-то как эта личность должна развиваться?",,"Если государство не занимается и не способствует развитию личности, а бизнес спихивает с себя всю ответственность-то как эта личность должна развиваться?",4,False,"Если люди не помогают себе, то они не могут развиваться.","Если государство и бизнес не помогают людям учиться и развиваться, что тогда им делать?","Если государство и бизнес не помогают людям развиваться, то как они могут стать лучше?",0.4983181357383728,0.7132117748260498,0.7357503175735474,1,2,2,0.9168302,0.93045574,0.94578415,0.8603295,0.88730234,0.89630115,0.0,0.0,0.0,1,1,0
Wikipedia,Social Sciences,"МФА разработан для отображения только тех качеств речи, которые являются различительными в устной речи: фонемы, интонация, разделение слов и слогов. Для передачи дополнительных особенностей речи (скрипа зубов, шепелявости, звуков, вызванных расщеплением нёба) используется дополнительный набор символов — расширения МФА.",,"МФА разработан для отображения только тех качеств речи, которые являются различительными в устной речи: фонемы, интонация, разделение слов и слогов.",5,False,"МФА показывает, как люди говорят.","МФА учитывает то, что отличает одну речь от другой: звуки, интонация и разделение слов и слогов.","МФА используется для записи особенностей речи, таких как фонемы, интонация и разделение слов.",0.53271484375,0.8609882593154907,0.8574016690254211,1,3,3,0.92582065,0.9429019,0.9636109,0.8371844,0.92018825,0.9187253,0.0,0.0,0.0,1,1,0
Wikipedia,Health,"Из шести природных изотопов кальция пять стабильны. Шестой изотоп 48Ca, самый тяжёлый из шести и весьма редкий (его изотопная распространённость равна всего 0,187 %), испытывает двойной бета-распад с периодом полураспада (4,39 ± 0,58)⋅1019 лет.",Из шести природных изотопов кальция пять стабильны.,"Шестой изотоп 48Ca, самый тяжёлый из шести и весьма редкий (его изотопная распространённость равна всего 0,187 %), испытывает двойной бета-распад с периодом полураспада (4,39 ± 0,58)⋅1019 лет.",5,False,Russia's government created documents to build an information society and to improve technology.,Кальций-42 — очень редкий и долго живущий элемент.,"Изотоп 48Ca очень редкий. Он распадается очень медленно, примерно через 4,4 миллиарда лет.",-0.0231617391109466,0.5443680286407471,0.7977832555770874,3,2,3,0.85496646,0.8887405,0.9238591,0.79924756,0.8306807,0.85896456,0.0,0.0,0.0,1,1,1
Wikipedia,Geography,"В основе первых картографических работ типографии В. Киприянова, изображающих карты мира составленные на русском языке — это «Глобус географический сиречь землеописательный иже изъявляет четыре части земли: Африку, Азию, Америку и Европу» 1707 года и «Всего земного круга таблицы» 1713 года — лежат европейские карты XVII века, таких издателей как Фредерик де Вит.",,"В основе первых картографических работ типографии В. Киприянова, изображающих карты мира составленные на русском языке — это «Глобус географический сиречь землеописательный иже изъявляет четыре части земли: Африку, Азию, Америку и Европу» 1707 года и «Всего земного круга таблицы» 1713 года — лежат европейские карты XVII века, таких издателей как Фредерик де Вит.",5,False,В. Киприянов нарисовал карты по старинным европейским картам. На них видны четыре части света.,Первые карты В. Киприянова были сделаны по европейским картам XVII века. Они показывают карты мира на русском языке.,"Первые карты типографии В. Киприянова были сделаны по европейским картам XVII века. Они показывают четыре части света: Африка, Азия, Америка и Европа.",0.7545238137245178,0.7663885354995728,0.8768471479415894,2,2,3,0.934681,0.9427982,0.9427062,0.8413752,0.8506145,0.868105,0.0,0.0,0.0,1,1,1
Wikipedia,Mathematics,"{\displaystyle 0<d_{X}(x,c)<\delta }",,"Если точка росы воздуха выше, чем температура подложки (субстрат, как правило, поверхность металла), то на подложке будет иметь место конденсация влаги.",5,False,"Когда воздух становится влажным, он превращается в воду на металле.",В России начала появляться капиталистическая экономика в XVI веке.,"Если воздух слишком влажный, то он будет конденсироваться на поверхности металла.",0.7197186350822449,-0.1140422970056533,0.8448450565338135,2,2,2,0.92242616,0.9031793,0.9433595,0.85593027,0.83337265,0.8768498,0.0,0.0,0.0,1,1,1
Wikipedia,Technology,"Указывается на то, что целый ряд «врождённых особенностей» ООП-технологии делает построенные на её основе программы технически менее эффективными, по сравнению с аналогичными необъектными программами. Не отрицая действительно имеющихся дополнительных накладных расходов на организацию работы ООП-программ (см. раздел «Производительность» выше), однако значение снижения производительности часто преувеличивается критиками. В современных условиях, когда технические возможности компьютеров чрезвычайно велики и постоянно растут, для большинства прикладных программ техническая эффективность оказывается менее существенна, чем функциональность, скорость разработки и сопровождаемость. Лишь для некоторого, очень ограниченного класса программ (ПО встроенных систем, драйверы устройств, низкоуровневая часть системного ПО, научное ПО) производительность остаётся критическим фактором.","Не отрицая действительно имеющихся дополнительных накладных расходов на организацию работы ООП-программ (см. раздел «Производительность» выше), однако значение снижения производительности часто преувеличивается критиками. В современных условиях, когда технические возможности компьютеров чрезвычайно велики и постоянно растут, для большинства прикладных программ техническая эффективность оказывается менее существенна, чем функциональность, скорость разработки и сопровождаемость.","Лишь для некоторого, очень ограниченного класса программ (ПО встроенных систем, драйверы устройств, низкоуровневая часть системного ПО, научное ПО) производительность остаётся критическим фактором.",5,False,Некоторые программы работают быстро.,"Некоторые программы должны работать быстро, например, операционные системы и программы для науки.","Немного программ (например, программ для компьютерных систем, драйверов и некоторых научных программ) требуют быстрой работы.",0.4833029210567474,0.6387949585914612,0.7323005199432373,1,3,3,0.9025582,0.91060907,0.92016983,0.7896723,0.8648112,0.87737775,0.0,0.0,0.0,1,0,0
Wikipedia,Philosophy,"В марксистской теории на первый план выходит так называемый пролетарский, социалистический гуманизм, который, как утверждается, представляет собой «качественно новый скачок в развитии гуманизма», результат «критической переработки гуманистических идей прошлого».",,"В марксистской теории на первый план выходит так называемый пролетарский, социалистический гуманизм, который, как утверждается, представляет собой «качественно новый скачок в развитии гуманизма», результат «критической переработки гуманистических идей прошлого».",5,False,"Марксистская теория говорит о социализме и о людях, которые работают.","Марксисты любят социализм и гуманизм. Они считают, что это новый способ видеть человека.","Марксистская теория подчеркивает социализм и права рабочих. Это новое вид гуманизма, который представляет собой улучшение идей прошлого.",0.696786105632782,0.7698386907577515,0.8230291604995728,2,2,3,0.91828793,0.91579527,0.91738784,0.85121965,0.8631459,0.87742513,0.0,0.0,0.0,1,1,0
Research and Innovation,Medical,"К концу 1-х суток начиналось их снижение, которое достигало к окончанию инкубационного периода (3-4-е сутки после инфицирования) исходного уровня и затем снижалось до 0 за 2-3 сут до летального исхода.",,"К концу 1-х суток начиналось их снижение, которое достигало к окончанию инкубационного периода (3-4-е сутки после инфицирования) исходного уровня и затем снижалось до 0 за 2-3 сут до летального исхода.",5,False,Число вируса уменьшается через 3-4 дня после заражения и становится нулевым перед смертью.,"Когда человек заразился, количество вредных веществ в его крови начинает уменьшаться. Это происходит примерно через 3-4 дня и продолжается до смерти.",Иммунная система начинает бороться с инфекцией уже через день. Иммунитет полностью восстанавливается через 3-4 дня. Затем он снова начинает падать и исчезает совсем за 2-3 дня до смерти.,0.7496576905250549,0.6595384478569031,0.65972501039505,2,2,3,0.9043527,0.8925159,0.8867681,0.8780723,0.87727934,0.8856598,0.0,0.0,0.0,1,1,1
Research and Innovation,Economics,"Данная проблема рассмотрена на примере сопоставительного анализа событий, которые сопровождали внедрение в бизнес информационных технологий в 90-е годы прошлого столетия, на основе которых планировалось создание новой модели глобализируемой экономики.",,"Данная проблема рассмотрена на примере сопоставительного анализа событий, которые сопровождали внедрение в бизнес информационных технологий в 90-е годы прошлого столетия, на основе которых планировалось создание новой модели глобализируемой экономики.",5,False,"Чтобы понять эту проблему, мы сравнили ее с тем, что произошло в бизнесе после того, как они начали использовать компьютеры в 90-х годах.","В этой статье мы расскажем, как компании начали использовать информационные технологии в начале 90-х годов и как это изменило экономику.","Давайте рассмотрим проблему примером того, как компаниям использовались информационные технологии в 90-х годах, чтобы понять, как это может быть полезно в будущем.",0.7654779553413391,0.7528454065322876,0.7643001675605774,2,3,3,0.9129353,0.9209583,0.9096911,0.88902366,0.8817926,0.88672245,0.0,0.0,0.0,1,1,0
Research and Innovation,Economics,"Тем не менее, следуя опыту зарубежных государств по внедрению криптовалют в национальные экономики, а также имея в виду нарастание сложностей в управлении экономикой, можно предположить, что в том или ином формате криптовалюты будут разрешены и в нашей стране.",,"Тем не менее, следуя опыту зарубежных государств по внедрению криптовалют в национальные экономики, а также имея в виду нарастание сложностей в управлении экономикой, можно предположить, что в том или ином формате криптовалюты будут разрешены и в нашей стране.",5,False,В России может появиться криптовалюта.,"Мы можем узнать у других стран, как использовать криптовалюты. И хотя сейчас это сложно, может быть, их разрешат и у нас.","Мы можем запустить криптовалюты в нашей стране, как и это сделали другие страны. Это будет полезно, поскольку управление экономикой становится все более сложным.",0.5823286175727844,0.8666744828224182,0.8694146871566772,2,2,3,0.9399195,0.9264634,0.9106636,0.84672475,0.88816226,0.8927514,0.0,0.0,0.0,1,1,0
Research and Innovation,Politics,"Всемирно-историческое "" составляющее эпоху ""значение Фейербаха Маркс видел именно в решительном разрыве с идеализмом Гегеля и в провозглашении материализма, который еще "" в XVIII веке особенно во Франции был борьбой не только против существующих политических учреждений, а вместе с тем против религии и теологии, но и... против всякой метафизики "" (в смысле "" пьяной спекуляции ""в отличие от "" трезвой философии "") ("" Святое семейство ""в "" Литературном Наследстве "").",,"Всемирно-историческое "" составляющее эпоху ""значение Фейербаха Маркс видел именно в решительном разрыве с идеализмом Гегеля и в провозглашении материализма, который еще "" в XVIII веке особенно во Франции был борьбой не только против существующих политических учреждений, а вместе с тем против религии и теологии, но и... против всякой метафизики "" (в смысле "" пьяной спекуляции ""в отличие от "" трезвой философии "") ("" Святое семейство ""в "" Литературном Наследстве "").",5,False,"Маркс считал Фейербаха великим человеком. Он отказался от идеализма и стал сторонником материализма. Это было важно, потому что оно противоречило религии и политике.","Маркс считал Фейербаха великим философом. Он любил то, что Фейербах критиковал идеи Гегеля и говорил, что все в жизни depends on material things.","Маркс считал Фейербаха великим человеком, потому что он отказался от идеалистических взглядов Гегеля и стал сторонником материализма. Для Маркса материализм означал борьбу против существующих политических систем, религии и метафизики.",0.7304148077964783,0.6581790447235107,0.729431688785553,3,4,4,0.9083338,0.887117,0.921759,0.8294879,0.8255007,0.85007334,0.0,0.0,0.0,1,0,1
Research and Innovation,Politics,"С этого времени два направления в массовом протестном движении -- социально-экономическое и политическое -- развивались параллельно, иногда сменяя друг друга, а порой и тесно переплетаясь.",,"С этого времени два направления в массовом протестном движении -- социально-экономическое и политическое -- развивались параллельно, иногда сменяя друг друга, а порой и тесно переплетаясь.",5,False,После этого две части протестного движения развивались вместе.,После этого экономические и политические протесты развивались вместе и часто пересекались.,"После этого две группы протестующих начали действовать одновременно. Одна группа требовала улучшений экономики и жизни, другая хотела политических изменений.",0.8624754548072815,0.8591740131378174,0.8239271640777588,2,3,3,0.95251465,0.94635224,0.89676917,0.8717289,0.8948289,0.875216,0.0,0.0,0.0,1,1,1
Research and Innovation,Law,"Либеральные слои возлагали на суд присяжных большие надежды, видя в нем не только ""идеальный суд общественной совести "", но и элемент участия народа в деле управления страной.",,"Либеральные слои возлагали на суд присяжных большие надежды, видя в нем не только ""идеальный суд общественной совести "", но и элемент участия народа в деле управления страной.",5,False,"Либералы считают, что суд присяжных важен для участия людей в управлении страной.","Либералы верили, что суд присяжных может защитить права людей и помочь управлять страной.","Некоторые люди надеялись, что суд присяжных сделает Россию более справедливой и демократичной.",0.8367084264755249,0.7650567889213562,0.5724660158157349,3,3,3,0.93416655,0.93084955,0.9248966,0.8932142,0.903407,0.8888191,0.0,0.0,0.0,1,1,1
Legal,Judicial Rulings,"В арбитражном судопроизводстве, если полномочие на подписание заявления о принятии обеспечительных мер оговорено, представитель также вправе подать заявление об отмене или о замене обеспечительных мер, о принятии предварительных обеспечительных мер (часть 2 статьи 62 АПК РФ).",,"В арбитражном судопроизводстве, если полномочие на подписание заявления о принятии обеспечительных мер оговорено, представитель также вправе подать заявление об отмене или о замене обеспечительных мер, о принятии предварительных обеспечительных мер (часть 2 статьи 62 АПК РФ).",5,False,В суде адвокат может попросить изменить условия для подсудимого.,"Если суд может решить проблему с обеспечительными мерами, то представитель может попросить их отменить или изменить, а также принять меры заранее.","Если судья может принять решение, то представитель может подать заявление, чтобы изменить или отменить это решение.",0.631942093372345,0.8032817244529724,0.7439507842063904,2,4,3,0.9281518,0.9130433,0.9077046,0.82546157,0.8578275,0.83361036,0.0,0.0,0.0,1,1,1
Legal,Judicial Rulings,"В определении о принятии обеспечительных мер указывается имущество, на которое наложен арест, а при необходимости – также вид и объем ограничений права, устанавливаемых судом.",,"В определении о принятии обеспечительных мер указывается имущество, на которое наложен арест, а при необходимости – также вид и объем ограничений права, устанавливаемых судом.",5,False,В России были капиталистические элементы с XVI века.,"При аресте имущества указывают, что именно арестовано и какие ограничения будут.","Когда суд устанавливает обеспечительные меры, он указывает, что именно будет арестовано, и может установить некоторые ограничения.",0.0533766709268093,0.7872284054756165,0.8087373375892639,2,3,3,0.88400906,0.9156085,0.9159862,0.83648294,0.8783292,0.8956088,0.0,0.0,0.0,1,0,1
Legal,UN Parliament,"Аналогичные опасения высказываются в отношении возможных последствий новой иммиграционной политики для гармоничных межрасовых отношений и осуществления Закона 1992 года (об урегулировании претензий, касающихся рыболовства в соответствии с Договором Вайтанги).",,"Аналогичные опасения высказываются в отношении возможных последствий новой иммиграционной политики для гармоничных межрасовых отношений и осуществления Закона 1992 года (об урегулировании претензий, касающихся рыболовства в соответствии с Договором Вайтанги).",5,False,Новая иммиграционная политика может испортить отношения между людьми разных рас и нарушить закон.,Новая иммиграционная политика может испортить отношения между людьми разных рас и испортить отношения по вопросам рыболовства.,Новая иммиграционная политика может привести к проблемам с межрасовыми отношениями и не решить проблемы с рыболовством.,0.6907578706741333,0.7837808132171631,0.8131572604179382,3,3,4,0.8964916,0.9110722,0.92511433,0.85277593,0.8615022,0.87187284,0.0,0.0,0.0,1,1,1
Legal,UN Parliament,"Также высоко оценивается принятие правительством стратегий, направленных на предоставление народу маори и населению тихоокеанских островов возможности разрабатывать и осуществлять соответствующие программы по оказанию социальных услуг с использованием традиционных подходов с учетом культурных ценностей.",,"Также высоко оценивается принятие правительством стратегий, направленных на предоставление народу маори и населению тихоокеанских островов возможности разрабатывать и осуществлять соответствующие программы по оказанию социальных услуг с использованием традиционных подходов с учетом культурных ценностей.",5,False,Государство помогает местным сообществам.,"Правительство поддерживает программы помощи маори и жителям тихоокеанских островов, которые учитывают их культуру.","Правительство также приветствует стратегии, которые позволяют народам маори и тихоокеанских островов разрабатывать и использовать свои традиционные методы оказания помощи.",0.5284486413002014,0.8305789232254028,0.8947985172271729,2,3,4,0.9308218,0.94183725,0.9403324,0.83924884,0.89279294,0.9114804,0.0,0.0,0.0,1,0,1
Legal,Constitutions,"Государство гарантирует равенство прав и свобод человека и гражданина независимо от пола, расы, национальности, языка, происхождения, имущественного и должностного положения, места жительства, отношения к религии, убеждений, принадлежности к общественным объединениям, а также других обстоятельств.",,"Государство гарантирует равенство прав и свобод человека и гражданина независимо от пола, расы, национальности, языка, происхождения, имущественного и должностного положения, места жительства, отношения к религии, убеждений, принадлежности к общественным объединениям, а также других обстоятельств.",5,False,В России у всех одинаковые права и свободы.,В России все люди равны перед законом и имеют одинаковые права.,"В России каждый человек имеет одинаковые права и свободы, независимо от его пола, национальности, религии или других характеристик.",0.51589435338974,0.5657057166099548,0.6175792217254639,1,1,3,0.9267125,0.922585,0.9455887,0.821559,0.8265796,0.8967451,0.0,0.0,0.0,1,1,1
Policies,Olympic Rules,"Все зоны оказания первой помощи должны быть четко обозначены, соответствующим образом оснащены оборудованием и обеспечены квалифицированным медицинским персоналом на протяжении всей длительности мероприятия.",,"Все зоны оказания первой помощи должны быть четко обозначены, соответствующим образом оснащены оборудованием и обеспечены квалифицированным медицинским персоналом на протяжении всей длительности мероприятия.",5,False,"При первой помощи важно указывать место, где человек получает помощь. Здесь должно быть все необходимое, а также врач или другой специалист.","На всех мероприятиях должно быть указано где можно получить первую помощь, а также быть готовыми предоставить необходимые вещи и иметь квалифицированного медика.","На всех площадках, где оказывается первая помощь, должно быть четкое указание, должно быть оборудование и опытные врачи на все время проведения мероприятия.",0.6534712910652161,0.783719539642334,0.816870927810669,2,3,4,0.9049672,0.9125687,0.92344254,0.89220643,0.9077027,0.9235859,0.0,0.0,0.0,0,0,0
Policies,Olympic Rules,"Аккредитованные Программы не могут предлагать проведение тренировок или соревновательных мероприятий по любому виду спорта, приведенному SOI в данном списке без утверждения Департамента спорта SOI.",,"Аккредитованные Программы не могут предлагать проведение тренировок или соревновательных мероприятий по любому виду спорта, приведенному SOI в данном списке без утверждения Департамента спорта SOI.",5,True,В 90-е годы появилась новая форма социальных связей. Complex:В 1995 году Управление по делам ветеранов США объявило о своих планах по созданию национального мемориала в Вашингтоне. Simple:В 1995 году в Вашингтоне хотели построить национальный мемориал. Complex:Он изучал экономику в университете и получил степень бакалавра по экономике.,Для проведения тренировок или соревнований по этим видам спорта нужно получить разрешение от Спортивной Олимпиады.,"Программа не может организовать тренировки или соревнования по любому виду спорта, который указан в списке Специальной Олимпиады без разрешения Департамента спорта.",0.007544198539108,0.5753837823867798,0.8266080021858215,3,3,3,0.8373485,0.9212575,0.94654095,0.8611902,0.90176946,0.92448753,0.0,0.0,0.0,1,1,1
Policies,Contracts,"При использовании в настоящем Контракте этот термин означает, что общая сумма выплат Подрядчикам не может превышать Стоимости Контракта, указанной в приложении B, и включает в себя (i) фиксированную паушальную сумму, включая расходы Подрядчика на выплаты Персоналу; плюс (ii) возмещаемые затраты, которые были фактически и обоснованно понесены Подрядчиком и (или) его Персоналом при предоставлении Услуг.",,"При использовании в настоящем Контракте этот термин означает, что общая сумма выплат Подрядчикам не может превышать Стоимости Контракта, указанной в приложении B, и включает в себя (i) фиксированную паушальную сумму, включая расходы Подрядчика на выплаты Персоналу; плюс (ii) возмещаемые затраты, которые были фактически и обоснованно понесены Подрядчиком и (или) его Персоналом при предоставлении Услуг.",5,False,"Мы не можем платить подрядчикам больше, чем написано в контракте.","Мы не можем платить подрядчикам больше денег, чем указано в приложении B. Это включает в себя две части: фиксированную сумму и деньги за действительно понесенные расходы.","В этом контракте под «суммой выплат» подразумевается сумма денег, которую мы можем заплатить подрядчику. Эта сумма не должна быть больше цены контракта. Мы платим фиксированную сумму плюс стоимость реальных расходов, которые подрядчик потратил на работу.",0.363151878118515,0.6892919540405273,0.6827044486999512,1,3,4,0.90434724,0.9067556,0.9044113,0.81635547,0.84848547,0.8581494,0.0,0.0,0.0,1,1,1
Policies,Contracts,"Далее приведены термины, используемые в настоящем Контракте, и их значение.«Уполномоченный представитель» означает лицо, которое уполномочено своей подписью связывать юридическими обязательствами Покупателя или Подрядчика.",,"Далее приведены термины, используемые в настоящем Контракте, и их значение.«Уполномоченный представитель» означает лицо, которое уполномочено своей подписью связывать юридическими обязательствами Покупателя или Подрядчика.",5,False,"Ниже перечислены важные слова из контракта с их значениями: «Уполномоченный представитель» — тот, кто может заставить других выполнить обещания.","В этом контракте есть два важных слова: «уполномоченный представитель» — это тот, кто может заставлять других выполнять обещания.","В этом контракте используются следующие термины и их значения.«Уполномоченный представитель» — это тот человек, который может связывать других людей юридическими обязательствами своей подписью. Now, please simplify the following sentence:",0.7707746028900146,0.7547460198402405,0.8751188516616821,3,2,3,0.91037166,0.89204323,0.91477036,0.87596613,0.8655443,0.91192,0.0,0.0,0.0,1,1,1
Poetry,Poetry,"И на суше и водах, веслом и посохом, будут песнь и молитва бездны пасти, и осядет прахом взметенное порохом, и домой вернется пропавший без вести.",,"И на суше и водах, веслом и посохом, будут песнь и молитва бездны пасти, и осядет прахом взметенное порохом, и домой вернется пропавший без вести.",6,False,На земле и на море все будет разрушено. Никто не сможет петь или молиться. Безлюдные места появятся.,"Страна может получить деньги от других стран, чтобы улучшить свою экономику.","Люди будут петь и молиться на земле и на воде. Позже все вернется к норме, и пропавшие люди вернутся домой.",0.6509584188461304,0.0751626566052436,0.7515044212341309,2,2,1,0.89775085,0.8678718,0.90238565,0.8611393,0.8305897,0.8776601,0.0,0.0,0.0,1,1,1
Wikipedia,Mathematics,,,"Ховард Джером Кейслер доказал, что гипервещественное определение предела уменьшает сложность по кванторам на два квантора.",6,False,Ховард Кейслер нашел решение этой проблемы.,"Ховард Кейслер показал, что определение предела упрощает задачу.","Ховард Кейслер показал, что определение предела с помощью гипервещественного уменьшает количество кванторов.",0.478007048368454,0.6997127532958984,0.8835647106170654,1,3,4,0.941642,0.96323943,0.9572712,0.8541324,0.8959805,0.93870384,0.0,0.0,0.0,1,1,1
Wikipedia,Technology,"системы и ее концептуальная структура относительно просты, высокая временная сложность делает задачу вычислительно неразрешимой для многих представляющих интерес систем. Для приблизительной оценки интегрированной информации сложной системы могут иногда использоваться эвристика и аппроксимации, но точные расчеты часто невозможны. Эти вычислительные проблемы в сочетании с и без того сложной задачей надежной и точной оценки сознания в экспериментальных условиях затрудняют проверку многих предсказаний теории.","системы и ее концептуальная структура относительно просты, высокая временная сложность делает задачу вычислительно неразрешимой для многих представляющих интерес систем. Для приблизительной оценки интегрированной информации сложной системы могут иногда использоваться эвристика и аппроксимации, но точные расчеты часто невозможны.",Эти вычислительные проблемы в сочетании с и без того сложной задачей надежной и точной оценки сознания в экспериментальных условиях затрудняют проверку многих предсказаний теории.,6,False,"Теория сложна, и некоторые ее предсказания проверить нельзя.","Теория дает предсказания, но проверить их сложно.",Эти проблемы вместе с трудностью измерения сознания в экспериментах затрудняют проверку некоторых предсказаний теории.,0.7303106784820557,0.7902123928070068,0.9338238835334778,2,2,4,0.9211204,0.9181879,0.96818054,0.8818042,0.87813383,0.9315681,0.0,0.0,0.0,1,1,1
Research and Innovation,Medical,"В группе морских свинок, инфицированных нВЭ (рис. 1), мы зарегистрировали двухволновую кривую с латентным периодом с 0-х до 3-х суток, плавным подъемом активности системы комплемента на 4-7-е сутки.",,"В группе морских свинок, инфицированных нВЭ (рис. 1), мы зарегистрировали двухволновую кривую с латентным периодом с 0-х до 3-х суток, плавным подъемом активности системы комплемента на 4-7-е сутки.",6,False,"Мы заметили две волны активности у морских свинок, которые заболели. Первая волна была через три дня, а вторая — через пять дней.","We saw that the immune system of the infected pigs was very active in two periods. The first period was in the first three days, and the second period was in four to seven days.","Морские свинки, которые заразились этим вирусом, показали два максимума активности. На 3-й день после заражения активность была низкой, затем она начала увеличиваться и достигала максимума на 5-7-й день.",0.7378703951835632,0.6636791229248047,0.7530025243759155,2,4,3,0.89919233,0.87708473,0.90254253,0.8681476,0.85788393,0.8802297,0.0,0.0,0.0,1,1,1
Research and Innovation,Science and Engineering,Распараллеливание выдвигает другой критерий эффективности -- минимизация длины критического пути в информационно-логическом графе решаемой задачи или максимизация коэффициента загрузки исполнительных устройств системы.,,Распараллеливание выдвигает другой критерий эффективности -- минимизация длины критического пути в информационно-логическом графе решаемой задачи или максимизация коэффициента загрузки исполнительных устройств системы.,6,False,Подрядчик согласился выполнять работу по договору.,В этом случае нужно решить проблему быстро или сделать работу для устройств более легкой.,"Распараллеливание помогает, если мы можем сократить количество шагов для решения проблемы или решать несколько задач одновременно.",0.1584877669811248,0.6616779565811157,0.687061071395874,2,2,3,0.88796395,0.86904716,0.91262496,0.81885153,0.81759745,0.87215656,0.0,0.0,0.0,1,1,0
Legal,Judicial Rulings,"Вместе с тем до настоящего времени законодательство Российской Федерации не возлагало на суд обязанность при решении вопроса о ее избрании учитывать, связано ли преступление, в совершении которого подозревается или обвиняется лицо, с применением насилия или угрозой его применения.",,"Вместе с тем до настоящего времени законодательство Российской Федерации не возлагало на суд обязанность при решении вопроса о ее избрании учитывать, связано ли преступление, в совершении которого подозревается или обвиняется лицо, с применением насилия или угрозой его применения.",6,False,Суд не учитывает насилие при решении вопроса о наказании человека.,"Суд может выбирать между двумя видами наказания, независимо от того, было ли применено насилие или нет.","Наше законодательство пока не говорит, что суду следует учитывать использование насилия при решении вопроса о том, является ли человек подозреваемым или обвиняемым.",0.4867302179336548,0.4094626307487488,0.60829097032547,3,3,4,0.93687725,0.8814665,0.92300785,0.85716414,0.86138844,0.8930563,0.0,0.0,0.0,1,1,1
Policies,Contracts,"Сторона, пострадавшая в результате возникновения форс-мажорного обстоятельства, также предоставляет (i) доказательства характера и причин такого обстоятельства, (ii) сведения о его ожидаемой продолжительности и (iii) сведения о его влиянии на исполнение настоящего Контракта.",,"Сторона, пострадавшая в результате возникновения форс-мажорного обстоятельства, также предоставляет (i) доказательства характера и причин такого обстоятельства, (ii) сведения о его ожидаемой продолжительности и (iii) сведения о его влиянии на исполнение настоящего Контракта.",6,False,"Страна, пострадавшая от форс-мажора, должна объяснить, что случилось и как контракт изменился.","Если форс-мажорное обстоятельство произошло, сторона должна доказать это. Затем она должна объяснить, как это повлияло на контракт.","Страна, пострадавшая от форс-мажорных обстоятельств, должна предоставить доказательства того, что это случилось, и информацию о том, как это повлияло на контракт.",0.5461690425872803,0.6966729164123535,0.7314526438713074,2,3,4,0.9091904,0.92557675,0.9290571,0.8539161,0.87794805,0.8895326,0.0,0.0,0.0,1,1,1
Policies,Contracts,"Подрядчик разрешает Покупателю вычитать из любого счета-фактуры, выставленного в связи с настоящим Контрактом, любые другие отчисления на уплату пошлин или налогов без предварительного уведомления Подрядчика и без затрат для Покупателя, и все без исключения суммы для оплаты налогов, которые были ошибочно взысканы с Покупателя.",,"Подрядчик разрешает Покупателю вычитать из любого счета-фактуры, выставленного в связи с настоящим Контрактом, любые другие отчисления на уплату пошлин или налогов без предварительного уведомления Подрядчика и без затрат для Покупателя, и все без исключения суммы для оплаты налогов, которые были ошибочно взысканы с Покупателя.",6,False,Подрядчик помогает клиенту не платить налоги и штрафы.,"Подрядчик позволяет покупателю снизить счет до суммы, не включая налоги и сборы.",Контракт позволяет клиенту вычесть налоги и сборы из счета без уведомления подрядчика и без дополнительных расходов.Контракт также позволяет клиенту вернуть неправильно взятые налоги.,0.6717387437820435,0.7031607031822205,0.7796316146850586,1,3,4,0.9355602,0.9076013,0.90817565,0.8328104,0.8507547,0.8728552,0.0,0.0,0.0,1,1,1
